Workbook

Sheet Learning resources
A1: Resource_ID | B1: Resource_Name | C1: Chapter | D1: Link_File | E1: Deadline | F1: Uploaded_Date | G1: Mem_ID | H1: Status
A2: LTCB01 | B2: Basic Components | C2: 1 | D2: https://drive.google.com/file/d/1HyCmxDgIxWzYs4IBVMA7wnlkxVLp9TXG/view?usp=sharing | E2: 2026-03-14 | F2: 2026-03-13 | G2: B2504868 | H2: Uploaded
A3: LTCB02 | B3: Branching Statements | C3: 2 | D3: https://drive.google.com/file/d/1p43sMQ8dwGj4cOPyroWPB0anKXOAhGHc/view?usp=sharing | E3: 2026-03-14 | F3: 2026-03-13 | G3: B2504868 | H3: Uploaded
A4: LTCB03 | B4: Loop Statements | C4: 3 | E4: 2026-03-14 | G4: B2504868 | H4: Missing
A5: LTCB04 | B5: Functions | C5: 4 | D5: https://drive.google.com/file/d/11RuZNfSILe9BZTVQ1mjMSKHtef_Laxoz/view?usp=sharing | E5: 2026-03-14 | F5: 2026-03-15 | G5: B2504868 | H5: Uploaded
A6: LTCB05 | B6: Recursive Functions | C6: 5 | D6: https://drive.google.com/file/d/1JCmCSFlvnirLX0nF3ZbPwZ_qA2B_RKX7/view?usp=sharing | E6: 2026-03-14 | F6: 2026-03-15 | G6: B2504868 | H6: Uploaded
A7: LTCB06 | B7: Array | C7: 6 | D7: https://drive.google.com/file/d/1BK6gCM1PUrN48bmfk6uHUEy43ArUWdpJ/view?usp=sharing | E7: 2026-03-14 | F7: 2026-03-13 | G7: B2504868 | H7: Uploaded
A8: LTCB07 | B8: String | C8: 7 | E8: 2026-03-14 | G8: B2504882 | H8: Missing
A9: LTCB08 | B9: Structures | C9: 8 | D9: https://drive.google.com/file/d/1HS_weriTLR5G0h95A8w1gfq6-_iHDT-_/view?usp=sharing | E9: 2026-03-14 | F9: 2026-03-13 | G9: B2504868 | H9: Uploaded
A10: LTCB09 | B10: Pointer | C10: 9 | E10: 2026-03-17 | G10: B2504882 | H10: Draft
A11: LTCB10 | B11: Dynamic String | C11: 10 | E11: 2026-03-17 | G11: B2504868 | H11: Draft

Sheet Assignment
A1: bbvvvvD/g | B1: Task_Name | C1: Task_detail | D1: Mem_ID | E1: Mem_Name | F1: Start_Date | G1: Deadline | H1: Completion_Date | I1: Status
A2: T01 | B2: Xác định phạm vi dự án và lập kế hoạch công việc | C2: Xác định mục tiêu hệ thống Digital Team Hub, chia nhiệm vụ cho các thành viên và lập timeline thực hiện | D2: B2504882 | E2: =VLOOKUP(D2, Member!$A$2:$C$6, 2, 0) -> Ngô Triệu Mẫn | F2: 2026-03-11 | G2: 2026-03-15 | H2: 2026-03-13 | I2: Done
A3: T02 | B3: Thiết kế sơ đồ cơ sở dữ liệu (ERD) | C3: Xác định các bảng MEMBERS, ASSIGNMENTS, LEARNING_RESOURCES, khóa chính và khóa ngoại | D3: B2504882 | E3: =VLOOKUP(D3, Member!$A$2:$C$6, 2, 0) -> Ngô Triệu Mẫn | F3: 2026-03-11 | G3: 2026-03-15 | H3: 2026-03-13 | I3: Done
A4: T03 | B4: Tạo cơ sở dữ liệu SQLite và các bảng | C4: Tạo file TeamData.db và viết lệnh CREATE TABLE cho các bảng | D4: B2504882 | E4: =VLOOKUP(D4, Member!$A$2:$C$6, 2, 0) -> Ngô Triệu Mẫn | F4: 2026-03-11 | G4: 2026-03-15 | H4: 2026-03-13 | I4: Done
A5: T04 | B5: Viết các truy vấn SQL | C5: Tạo các query lọc task theo trạng thái, join bảng MEMBERS và ASSIGNMENTS | D5: B2504882 | E5: =VLOOKUP(D5, Member!$A$2:$C$6, 2, 0) -> Ngô Triệu Mẫn | F5: 2026-03-11 | G5: 2026-03-15 | H5: 2026-03-13 | I5: Done
A6: T05 | B6: Tổng hợp tài liệu học tập Chapter 1–3 | C6: Tìm và lưu trữ slides, bài tập, code mẫu cho các chapter 1–3 | D6: B2504868 | E6: =VLOOKUP(D6, Member!$A$2:$C$6, 2, 0) -> Nguyễn Phúc Nguyên Chương | F6: 2026-03-13 | G6: 2026-03-16 | I6: In Progress
A7: T06 | B7: Tổng hợp tài liệu học tập Chapter 4–6 | C7: Tìm và lưu trữ slides, bài tập, code mẫu cho các chapter 4–6 | D7: B2504868 | E7: =VLOOKUP(D7, Member!$A$2:$C$6, 2, 0) -> Nguyễn Phúc Nguyên Chương | F7: 2026-03-13 | G7: 2026-03-16 | I7: In Progress
A8: T07 | B8: Cập nhật thông tin tài liệu vào database | C8: Nhập các tài liệu đã thu thập vào bảng LEARNING_RESOURCES và cập nhật trạng thái | D8: B2504882 | E8: =VLOOKUP(D8, Member!$A$2:$C$6, 2, 0) -> Ngô Triệu Mẫn | F8: 2026-03-14 | G8: 2026-03-16 | I8: In Progress
A9: T08 | B9: Xuất dữ liệu từ database sang Excel | C9: Export các bảng MEMBERS, ASSIGNMENTS, LEARNING_RESOURCES sang Excel | D9: B2504867 | E9: =VLOOKUP(D9, Member!$A$2:$C$6, 2, 0) -> Nguyễn Ngọc Châu | F9: 2026-03-16 | G9: 2026-03-19 | I9: In Progress
A10: T09 | B10: Tạo dashboard trong Excel | C10: Tạo biểu đồ thống kê trạng thái task và trạng thái tài liệu bằng Pivot hoặc chart | D10: B2504867 | E10: =VLOOKUP(D10, Member!$A$2:$C$6, 2, 0) -> Nguyễn Ngọc Châu | F10: 2026-03-16 | G10: 2026-03-19 | I10: In Progress
A11: T10 | B11: Tạo GitHub repository cho project | C11: Tạo repo, thiết lập cấu trúc thư mục và cấp quyền cho các thành viên | D11: B2504878 | E11: =VLOOKUP(D11, Member!$A$2:$C$6, 2, 0) -> Trần Lê Minh Khôi | F11: 2026-03-11 | G11: 2026-03-15 | H11: 2026-03-13 | I11: Done
A12: T11_A | B12: Tạo GitHub account | C12: Các thành viên tạo GitHub Account để up file lên repo | D12: B2504867 | E12: =VLOOKUP(D12, Member!$A$2:$C$6, 2, 0) -> Nguyễn Ngọc Châu | F12: 2026-03-11 | G12: 2026-03-14 | H12: 2026-03-12 | I12: Done
A13: T12 | B13: Vẽ sơ đồ kết nối mạng của nhóm | C13: Vẽ network topology từ thiết bị cá nhân → router → ISP → cloud services | D13: B2504867 | E13: =VLOOKUP(D13, Member!$A$2:$C$6, 2, 0) -> Nguyễn Ngọc Châu | F13: 2026-03-11 | G13: 2026-03-15 | H13: 2026-03-12 | I13: Done
A14: T13 | B14: Thiết lập xác thực hai lớp (2FA) cho các tài khoản | C14: Hướng dẫn các thành viên bật 2FA | D14: B2504878 | E14: =VLOOKUP(D14, Member!$A$2:$C$6, 2, 0) -> Trần Lê Minh Khôi | F14: 2026-03-19 | G14: 2026-03-20 | I14: Not Started
A15: T14 | B15: Soạn chính sách mật khẩu của nhóm | C15: Viết quy định về độ dài mật khẩu, ký tự đặc biệt và cách quản lý mật khẩu | D15: B2504878 | E15: =VLOOKUP(D15, Member!$A$2:$C$6, 2, 0) -> Trần Lê Minh Khôi | F15: 2026-03-11 | G15: 2026-03-15 | I15: Overdue
A16: T15_A | B16: Thu thập ảnh góc học tập của các thành viên | C16: Chụp ảnh workspace của từng thành viên và chú thích theo tiêu chuẩn ergonomic | D16: B2504867 | E16: =VLOOKUP(D16, Member!$A$2:$C$6, 2, 0) -> Nguyễn Ngọc Châu | F16: 2026-03-11 | G16: 2026-03-14 | H16: 2026-03-12 | I16: Done
A17: T16 | B17: Tổng hợp nội dung báo cáo kỹ thuật, word | C17: Tổng hợp các phần giải thích về database, Excel dashboard, GitHub và các bước thực hiện từ các files ProcessRecord | D17: B2504893 | E17: =VLOOKUP(D17, Member!$A$2:$C$6, 2, 0) -> Nguyễn Thành Tài | F17: 2026-03-20 | G17: 2026-03-22 | I17: Not Started
A18: T17 | B18: Thiết kế slide PowerPoint | C18: Tạo các slide tóm tắt database schema, network diagram, security và AI prompts | D18: B2504893 | E18: =VLOOKUP(D18, Member!$A$2:$C$6, 2, 0) -> Nguyễn Thành Tài | F18: 2026-03-20 | G18: 2026-03-22 | I18: Not Started
A19: T18 | B19: Dựng kịch bản quay Video | C19: Xác định độ dài video. Xác định video gồm mấy phần, độ xài từng phần, mỗi phần sẽ gồm nhưng nói dung gì, trình bày/ biểu diễn ra sao. | D19: B2504893 | E19: =VLOOKUP(D19, Member!$A$2:$C$6, 2, 0) -> Nguyễn Thành Tài | F19: 2026-03-20 | G19: 2026-03-22 | I19: Not Started
A20: T19 | B20: Quay video demo hệ thống | C20: Quay phần giới thiệu nhóm và demo database, Excel dashboard, GitHub | D20: B2504893 | E20: =VLOOKUP(D20, Member!$A$2:$C$6, 2, 0) -> Nguyễn Thành Tài | F20: 2026-03-21 | G20: 2026-03-24 | I20: Not Started
A21: T20 | B21: Chuẩn bị file ZIP nộp bài | C21: Gom tất cả file database, Excel, ảnh, report, video vào một file ZIP | D21: B2504878 | E21: =VLOOKUP(D21, Member!$A$2:$C$6, 2, 0) -> Trần Lê Minh Khôi | F21: 2026-03-21 | G21: 2026-03-22 | I21: Not Started
A22: T11_B | B22: Tạo GitHub account | C22: Các thành viên tạo GitHub Account để up file lên repo | D22: B2504868 | E22: =VLOOKUP(D22, Member!$A$2:$C$6, 2, 0) -> Nguyễn Phúc Nguyên Chương | F22: 2026-03-11 | G22: 2026-03-14 | H22: 2026-03-12 | I22: Done
A23: T11_C | B23: Tạo GitHub account | C23: Các thành viên tạo GitHub Account để up file lên repo | D23: B2504878 | E23: =VLOOKUP(D23, Member!$A$2:$C$6, 2, 0) -> Trần Lê Minh Khôi | F23: 2026-03-11 | G23: 2026-03-14 | H23: 2026-03-12 | I23: Done
A24: T11_D | B24: Tạo GitHub account | C24: Các thành viên tạo GitHub Account để up file lên repo | D24: B2504882 | E24: =VLOOKUP(D24, Member!$A$2:$C$6, 2, 0) -> Ngô Triệu Mẫn | F24: 2026-03-11 | G24: 2026-03-14 | H24: 2026-03-15 | I24: Overdue
A25: T11_E | B25: Tạo GitHub account | C25: Các thành viên tạo GitHub Account để up file lên repo | D25: B2504893 | E25: =VLOOKUP(D25, Member!$A$2:$C$6, 2, 0) -> Nguyễn Thành Tài | F25: 2026-03-11 | G25: 2026-03-14 | H25: 2026-03-12 | I25: Done
A26: T15_B | B26: Thu thập ảnh góc học tập của các thành viên | C26: Chụp ảnh workspace của từng thành viên và chú thích theo tiêu chuẩn ergonomic | D26: B2504868 | E26: =VLOOKUP(D26, Member!$A$2:$C$6, 2, 0) -> Nguyễn Phúc Nguyên Chương | F26: 2026-03-11 | G26: 2026-03-14 | H26: 2026-03-12 | I26: Done
A27: T15_C | B27: Thu thập ảnh góc học tập của các thành viên | C27: Chụp ảnh workspace của từng thành viên và chú thích theo tiêu chuẩn ergonomic | D27: B2504878 | E27: =VLOOKUP(D27, Member!$A$2:$C$6, 2, 0) -> Trần Lê Minh Khôi | F27: 2026-03-11 | G27: 2026-03-14 | H27: 2026-03-12 | I27: Done
A28: T15_D | B28: Thu thập ảnh góc học tập của các thành viên | C28: Chụp ảnh workspace của từng thành viên và chú thích theo tiêu chuẩn ergonomic | D28: B2504882 | E28: =VLOOKUP(D28, Member!$A$2:$C$6, 2, 0) -> Ngô Triệu Mẫn | F28: 2026-03-11 | G28: 2026-03-14 | H28: 2026-03-15 | I28: Overdue
A29: T15_E | B29: Thu thập ảnh góc học tập của các thành viên | C29: Chụp ảnh workspace của từng thành viên và chú thích theo tiêu chuẩn ergonomic | D29: B2504893 | E29: =VLOOKUP(D29, Member!$A$2:$C$6, 2, 0) -> Nguyễn Thành Tài | F29: 2026-03-11 | G29: 2026-03-14 | H29: 2026-03-12 | I29: Done
A31: Row Labels | B31: Count of Status
A32: Done | B32: 14
A33: In Progress | B33: 5
A34: Not Started | B34: 6
A35: Overdue | B35: 3
A36: Grand Total | B36: 28

Sheet Member
A1: Mem_ID | B1: Name | C1: Email
A2: B2504882 | B2: Ngô Triệu Mẫn | C2: manb2504882@student.ctu.edu.vn
A3: B2504878 | B3: Trần Lê Minh Khôi | C3: tranleminhkhoi1510@gmail.com
A4: B2504868 | B4: Nguyễn Phúc Nguyên Chương | C4: chuongB2504868@student.ctu.edu.vn
A5: B2504867 | B5: Nguyễn Ngọc Châu | C5: chaub2504867@student.ctu.edu.vn
A6: B2504893 | B6: Nguyễn Thành Tài | C6: taib2504893@student.ctu.edu.vn
